Cell Type,Treated Sample Name,Control Sample Name,Event Type,Start Chromosome,End Chromosome,Event Start,Event End,Event Size,Treated Molecule Count,Control Molecule Count,Found in Control
HCM,Sample8,HG002,deletion,1,1,89079223,89103658,13984,6,25,yes
HCM,Sample8,HG002,deletion,10,10,42555772,42578556,8635,18,19,yes
HCM,Sample8,HG002,deletion,10,10,42555782,42578546,8678,6,2,no
HCM,Sample8,HG002,deletion,11,11,36573020,36622460,38882,9,0,no
HCM,Sample8,HG002,deletion,11,11,36591383,36622460,22069,5,0,no
HCM,Sample8,HG002,deletion,18,18,77287230,77301671,11274,49,40,yes
HCM,Sample8,HG002,deletion,18,18,77287230,77301671,11280,44,21,yes
HCM,Sample8,HG002,deletion,2,2,113403495,113432558,23973,11,0,no
HCM,Sample8,HG002,deletion,2,2,18842913,18916892,60479,83,0,no
HCM,Sample8,HG002,deletion,2,2,90092771,90155985,39202,7,0,no
HCM,Sample8,HG002,deletion,22,22,22096727,22132829,32048,39,0,no
HCM,Sample8,HG002,deletion,22,22,22403246,22622723,219477,7,0,no
HCM,Sample8,HG002,deletion,3,3,66471329,66498525,25089,6,0,no
HCM,Sample8,HG002,deletion,3,3,70677685,70693647,11000,38,0,no
HCM,Sample8,HG002,deletion,3,3,70677685,70693917,11130,49,0,no
HCM,Sample8,HG002,deletion,5,5,158185853,159271805,1067361,5,0,no
HCM,Sample8,HG002,deletion,5,5,62135251,62200365,46763,13,0,no
HCM,Sample8,HG002,translocation_interchr,11,19,118479068,6268868,NA,48,0,no
HCM,Sample8,HG002,translocation_interchr,11,19,118493942,6276713,NA,57,0,no
HCM,Sample8,HG002,translocation_interchr,11,19,118493942,6329064,NA,6,0,no
HCM,Sample8,HG002,translocation_interchr,7,21,101137685,33578682,NA,55,0,no
HCM,Sample8,HG002,translocation_interchr,7,21,101137685,33583687,NA,69,0,no
HCM,Sample8,HG002,duplication_split,7,7,72436529,72668687,232158,44,0,no
HCM,Sample8,HG002,duplication_split,7,7,72436529,72668687,232158,51,0,no
HCM,Sample8,HG002,duplication_split,7,7,73067607,77013957,3946350,63,0,no
